time,CPI,wage,equity index dividend yield,equity price index,10 year,3 month
1980/1/15,78.0,2217.9,5.58,107.94,10.475,11.92
1980/2/15,79.0,2231.2,5.39,115.12,11.093,14.63
1980/3/15,80.1,2243.3,5.71,112.5,12.109000000000002,14.35
1980/4/15,80.9,2242.7,6.18,102.18,12.01,10.68
1980/5/15,81.7,2254.7,6.07,105.46,10.737,7.94
1980/6/15,82.5,2272.9,5.75,110.76,9.179,8.15
1980/7/15,82.6,2308.6,5.57,114.93,8.955,8.4
1980/8/15,83.2,2334.4,5.23,121.21,9.388,10.12
1980/9/15,83.9,2368.7,5.23,122.38,11.270999999999999,11.5
1980/10/15,84.7,2417.2,5.13,127.13,11.414000000000001,13.22
1980/11/15,85.6,2445.0,5.14,129.04,11.862,14.65
1980/12/15,86.4,2473.0,4.98,137.21,12.935,14.11
1981/1/15,87.2,2484.6,4.97,135.76,12.591,14.78
1981/2/15,88.0,2501.4,5.26,126.91,12.895,14.37
1981/3/15,88.6,2525.8,5.15,132.01,13.437000000000001,12.45
1981/4/15,89.1,2531.5,5.02,136.57,13.09,14.36
1981/5/15,89.7,2549.8,5.11,132.72,13.743,15.92
1981/6/15,90.5,2573.0,5.11,132.41,13.728,14.12
1981/7/15,91.5,2626.3,5.29,129.77,14.15,15.23
1981/8/15,92.2,2651.6,5.35,130.48,14.834000000000001,15.58
1981/9/15,93.1,2665.4,5.7,123.02,15.276,14.1
1981/10/15,93.4,2669.5,5.92,117.08,15.535,13.05
1981/11/15,93.8,2686.4,5.64,124.2,14.645999999999999,10.2
1981/12/15,94.1,2692.9,5.59,126.1,13.595,11.64
1982/1/15,94.4,2700.7,5.73,122.55,14.187999999999999,12.77
1982/2/15,94.7,2719.9,5.85,117.78,14.485,12.16
1982/3/15,94.7,2724.6,6.04,113.31,14.027999999999999,13.44
1982/4/15,95.0,2744.6,6.03,113.79,14.216,12.36
1982/5/15,95.9,2760.5,5.89,116.81,14.113,11.54
1982/6/15,97.0,2770.6,6.2,111.68,13.867,12.75
1982/7/15,97.5,2789.4,6.33,108.71,14.202,10.25
1982/8/15,97.7,2801.3,6.26,108.98,13.493,8.42
1982/9/15,97.7,2808.5,5.75,118.25,13.026,7.56
1982/10/15,98.1,2824.9,5.62,121.97,12.390999999999998,7.86
1982/11/15,98.0,2844.5,5.02,135.47,11.821,8.18
1982/12/15,97.7,2864.1,4.86,138.72,10.642999999999999,7.9
1983/1/15,97.9,2871.3,4.89,138.34,10.364,8.1
1983/2/15,98.0,2878.3,4.73,142.96,10.667,7.88
1983/3/15,98.1,2895.8,4.52,150.88,10.45,8.61
1983/4/15,98.8,2910.3,4.53,152.96,10.704,8.07
1983/5/15,99.2,2937.2,4.3,162.11,10.469000000000001,8.56
1983/6/15,99.4,2948.3,4.34,162.55,10.519,8.84
1983/7/15,99.8,2974.0,4.2,168.91,10.63,9.25
1983/8/15,100.1,2986.1,4.42,162.04,11.18,9.28
1983/9/15,100.4,3013.1,4.39,164.23,11.927,8.75
1983/10/15,100.8,3047.2,4.31,165.8,11.571,8.46
1983/11/15,101.1,3076.1,4.37,163.64,11.728,8.47
1983/12/15,101.4,3105.6,4.55,166.49,11.659,8.95
1984/1/15,102.1,3131.1,4.61,164.93,11.779000000000002,8.88
1984/2/15,102.6,3170.7,4.73,162.74,11.677,9.13
1984/3/15,102.9,3200.5,4.73,158.19,11.959000000000001,9.7
1984/4/15,103.3,3233.4,4.72,157.98,12.279000000000002,9.72
1984/5/15,103.5,3244.8,4.63,161.68,12.467,9.74
1984/6/15,103.7,3275.3,4.95,153.24,13.479000000000001,9.9
1984/7/15,104.1,3295.1,4.97,153.2,13.654000000000002,10.4
1984/8/15,104.4,3327.9,4.92,154.08,12.890999999999998,10.71
1984/9/15,104.7,3358.1,4.56,166.68,12.735999999999999,10.22
1984/10/15,105.1,3356.0,4.66,164.62,12.554,8.99
1984/11/15,105.3,3378.0,4.54,167.49,11.953,8.42
1984/12/15,105.5,3410.7,4.7,162.82,11.578,7.84
1985/1/15,105.7,3424.3,4.58,167.24,11.574000000000002,8.02
1985/2/15,106.3,3443.5,4.31,178.63,11.397,8.46
1985/3/15,106.8,3471.4,4.24,183.23,11.654000000000002,8.15
1985/4/15,107.0,3471.2,4.32,181.27,11.512,7.83
1985/5/15,107.2,3483.7,4.46,178.37,11.253,7.17
1985/6/15,107.5,3504.8,4.19,189.32,10.465,6.83
1985/7/15,107.7,3518.9,4.13,192.43,10.554,7.25
1985/8/15,107.9,3530.1,4.14,192.11,10.759,7.37
1985/9/15,108.1,3552.3,4.24,188.63,10.350999999999999,7.26
1985/10/15,108.5,3575.4,4.35,185.07,10.355,7.41
1985/11/15,109.0,3593.1,4.25,191.53,10.157,7.39
1985/12/15,109.5,3627.2,4.04,200.46,9.607999999999999,7.26
1986/1/15,109.9,3637.7,3.82,211.28,9.198,7.16
1986/2/15,109.7,3655.6,3.77,213.96,9.198,7.24
1986/3/15,109.1,3682.1,3.61,225.42,8.365,6.54
1986/4/15,108.7,3687.3,3.45,235.14,8.029,6.27
1986/5/15,109.0,3699.3,3.46,235.16,8.073,6.28
1986/6/15,109.4,3715.4,3.34,245.04,7.867000000000001,6.12
1986/7/15,109.5,3735.5,3.25,252.04,7.3660000000000005,5.96
1986/8/15,109.6,3749.5,3.5,234.91,7.352,5.32
1986/9/15,110.0,3766.8,3.27,252.93,7.149,5.33
1986/10/15,110.2,3776.2,3.58,233.6,7.382000000000001,5.34
1986/11/15,110.4,3791.0,3.42,245.8,7.32,5.53
1986/12/15,110.8,3811.8,3.4,249.05,7.21,5.84
1987/1/15,111.4,3826.8,3.51,242.17,7.236000000000001,5.74
1987/2/15,111.8,3853.4,3.08,276.45,7.232,5.6
1987/3/15,112.2,3873.2,3.03,283.0,7.202000000000001,5.79
1987/4/15,112.7,3885.2,2.98,292.39,7.41,5.66
1987/5/15,113.0,3918.6,3.05,288.03,7.817,5.81
1987/6/15,113.5,3929.7,3.05,289.83,8.471,5.89
1987/7/15,113.8,3952.9,2.94,302.94,8.421,6.06
1987/8/15,114.3,3989.3,2.87,317.57,8.668,6.48
1987/9/15,114.7,4005.9,2.79,323.4,8.88,6.81
1987/10/15,115.0,4044.0,2.77,327.33,9.225,5.18
1987/11/15,115.4,4069.7,3.58,255.75,8.829,5.39
1987/12/15,115.6,4121.7,3.99,232.0,8.947000000000001,5.85
1988/1/15,116.0,4131.1,3.78,247.08,8.869,5.81
1988/2/15,116.2,4153.5,3.68,255.04,8.523,5.78
1988/3/15,116.5,4176.7,3.55,267.22,8.138,5.89
1988/4/15,117.2,4206.7,3.71,258.89,8.366,6.17
1988/5/15,117.5,4222.3,3.73,261.56,8.552999999999999,6.62
1988/6/15,118.0,4254.4,3.67,266.69,9.005,6.75
1988/7/15,118.5,4293.9,3.61,271.78,8.87,7.17
1988/8/15,119.0,4317.7,3.63,272.21,9.033999999999999,7.54
1988/9/15,119.5,4345.2,3.86,258.35,9.25,7.49
1988/10/15,119.9,4383.9,3.68,271.38,9.011000000000001,7.61
1988/11/15,120.3,4396.0,3.61,279.06,8.913,8.09
1988/12/15,120.7,4434.8,3.74,272.49,8.953,8.39
1989/1/15,121.2,4499.7,3.67,277.72,9.03,8.68
1989/2/15,121.6,4528.8,3.5,297.09,8.934,9.02
1989/3/15,122.2,4569.5,3.68,287.11,9.167,9.2
1989/4/15,123.1,4582.2,3.63,296.39,9.073,8.7
1989/5/15,123.7,4578.9,3.51,309.12,9.024,8.93
1989/6/15,124.1,4601.7,3.38,321.97,8.822000000000001,8.26
1989/7/15,124.5,4628.6,3.44,319.23,8.531,8.05
1989/8/15,124.5,4639.2,3.22,343.75,8.355,8.17
1989/9/15,124.8,4661.2,3.15,353.73,8.095,8.14
1989/10/15,125.4,4700.1,3.19,350.87,8.15,8.04
1989/11/15,125.9,4715.4,3.29,341.2,7.938,7.85
1989/12/15,126.3,4733.0,3.22,350.63,7.8389999999999995,7.85
1990/1/15,127.5,4782.4,3.22,353.4,7.903,8.0
1990/2/15,128.0,4818.7,3.46,328.79,8.165,8.05
1990/3/15,128.6,4838.6,3.43,332.74,8.548,8.05
1990/4/15,128.9,4877.6,3.39,338.7,8.58,8.05
1990/5/15,129.1,4878.3,3.43,332.25,8.82,8.01
1990/6/15,129.9,4910.8,3.13,363.16,8.636000000000001,8.0
1990/7/15,130.5,4938.9,3.15,359.54,8.62,7.73
1990/8/15,131.6,4941.8,3.21,355.52,8.541,7.62
1990/9/15,132.5,4971.2,3.56,322.56,8.808,7.37
1990/10/15,133.4,4959.3,3.65,314.94,8.731,7.36
1990/11/15,133.7,4965.2,3.74,307.02,8.645,7.25
1990/12/15,134.2,4994.1,3.55,324.1,8.338,6.63
1991/1/15,134.7,4976.6,3.5,330.22,8.262,6.38
1991/2/15,134.8,4983.2,3.35,343.05,8.173,6.2
1991/3/15,134.8,4991.6,3.04,370.47,7.946000000000001,5.91
1991/4/15,135.1,5017.8,3.03,371.3,7.906000000000001,5.7
1991/5/15,135.6,5038.1,2.92,380.29,7.9079999999999995,5.68
1991/6/15,136.0,5073.0,2.87,388.06,8.071,5.69
1991/7/15,136.2,5069.3,2.95,377.92,8.14,5.69
1991/8/15,136.6,5089.1,2.86,387.12,8.088,5.48
1991/9/15,137.0,5122.7,2.81,395.43,7.843,5.26
1991/10/15,137.2,5139.5,2.84,389.2,7.648,4.95
1991/11/15,137.8,5161.0,2.84,391.32,7.662000000000001,4.47
1991/12/15,138.2,5218.7,2.9,381.4,7.405,3.95
1992/1/15,138.3,5254.6,2.64,417.09,7.093999999999999,3.94
1992/2/15,138.6,5296.7,2.7,409.53,7.422999999999999,4.02
1992/3/15,139.1,5319.2,2.7,412.45,7.435,4.15
1992/4/15,139.4,5354.4,2.76,404.23,7.472,3.79
1992/5/15,139.7,5390.3,2.75,412.53,7.521,3.8
1992/6/15,140.1,5422.7,2.71,417.3,7.44,3.65
1992/7/15,140.5,5435.6,2.75,412.88,7.292999999999999,3.25
1992/8/15,140.8,5463.6,2.67,425.09,7.103,3.23
1992/9/15,141.1,5449.6,2.76,416.07,6.46,2.74
1992/10/15,141.7,5442.3,2.77,416.29,6.303999999999999,3.02
1992/11/15,142.1,5459.7,2.71,422.75,6.602,3.34
1992/12/15,142.3,5668.0,2.63,430.78,6.627999999999999,3.15
1993/1/15,142.8,5540.1,2.62,435.71,6.518,2.97
1993/2/15,143.1,5568.3,2.53,442.52,6.367000000000001,3.0
1993/3/15,143.3,5564.5,2.57,442.01,6.107,2.96
1993/4/15,143.8,5618.7,2.53,450.3,6.1579999999999995,2.95
1993/5/15,144.2,5633.4,2.58,442.46,6.114,3.13
1993/6/15,144.3,5627.3,2.51,453.83,6.162999999999999,3.1
1993/7/15,144.5,5654.3,2.55,449.02,6.044,3.11
1993/8/15,144.8,5676.1,2.53,450.15,6.066,3.08
1993/9/15,145.0,5670.3,2.48,463.15,5.622000000000001,2.98
1993/10/15,145.6,5661.8,2.5,461.29,5.571000000000001,3.09
1993/11/15,146.0,5687.2,2.47,469.1,5.66,3.14
1993/12/15,146.3,5885.9,2.5,461.89,5.766,3.01
1994/1/15,146.3,5772.1,2.5,465.44,5.81,3.03
1994/2/15,146.7,5793.0,2.43,479.62,5.739,3.44
1994/3/15,147.1,5825.1,2.51,464.44,6.053,3.57
1994/4/15,147.2,5887.0,2.64,445.77,6.269,3.96
1994/5/15,147.5,5910.8,2.62,453.02,6.412000000000001,4.28
1994/6/15,147.9,5914.4,2.6,457.63,7.18,4.23
1994/7/15,148.4,5944.3,2.68,446.2,7.291,4.37
1994/8/15,149.0,5966.7,2.62,461.01,7.185,4.68
1994/9/15,149.3,5998.7,2.55,473.17,7.2139999999999995,4.79
1994/10/15,149.4,6061.2,2.63,461.74,7.455,5.16
1994/11/15,149.8,6070.7,2.61,468.42,7.582000000000001,5.74
1994/12/15,150.1,6103.4,2.72,448.92,7.897,5.7
1995/1/15,150.5,6149.2,2.68,459.27,7.853,6.0
1995/2/15,150.9,6174.4,2.63,470.4,7.7589999999999995,5.94
1995/3/15,151.2,6200.8,2.55,485.65,7.357,5.88
1995/4/15,151.8,6221.9,2.47,501.85,7.313,5.88
1995/5/15,152.1,6235.1,2.43,514.26,7.284,5.83
1995/6/15,152.4,6263.7,2.36,533.49,6.355,5.66
1995/7/15,152.6,6292.3,2.3,547.09,6.3629999999999995,5.58
1995/8/15,152.9,6314.9,2.26,559.64,6.496,5.45
1995/9/15,153.1,6343.9,2.27,563.84,6.369,5.42
1995/10/15,153.5,6369.9,2.2,581.72,6.336,5.51
1995/11/15,153.7,6391.2,2.18,584.22,6.254,5.53
1995/12/15,153.9,6414.4,2.12,606.98,5.8020000000000005,5.08
1996/1/15,154.7,6451.9,2.1,615.93,5.746,5.05
1996/2/15,155.0,6515.9,2.04,638.46,5.7620000000000005,5.01
1996/3/15,155.5,6558.9,2.04,644.37,5.78,5.15
1996/4/15,156.1,6597.2,2.03,653.73,5.915,5.15
1996/5/15,156.4,6638.3,2.03,654.58,6.077000000000001,5.17
1996/6/15,156.7,6682.5,1.99,667.68,6.871,5.16
1996/7/15,157.0,6683.4,1.98,675.88,6.805,5.32
1996/8/15,157.2,6711.2,2.07,650.02,6.825,5.29
1996/9/15,157.7,6749.3,2.08,651.99,6.974,5.04
1996/10/15,158.2,6770.9,1.96,689.08,6.825,5.15
1996/11/15,158.7,6804.7,1.92,703.77,6.438,5.13
1996/12/15,159.1,6839.9,1.79,756.56,6.297000000000001,5.15
1997/1/15,159.4,6891.3,1.85,740.74,6.462000000000001,5.15
1997/2/15,159.7,6929.1,1.76,786.73,6.476,5.22
1997/3/15,159.8,6969.1,1.75,795.31,6.396,5.34
1997/4/15,159.9,6980.5,1.84,759.64,6.545,5.24
1997/5/15,159.9,7008.6,1.77,798.53,6.452000000000001,4.95
1997/6/15,160.2,7042.3,1.67,846.36,6.64,5.17
1997/7/15,160.4,7079.7,1.59,891.03,6.539,5.24
1997/8/15,160.8,7126.4,1.49,947.14,6.426,5.23
1997/9/15,161.2,7165.2,1.59,899.47,6.22,5.11
1997/10/15,161.5,7210.7,1.5,955.41,6.082999999999999,5.2
1997/11/15,161.7,7261.6,1.53,938.99,6.023,5.23
1997/12/15,161.8,7303.5,1.47,974.78,6.005,5.35
1998/1/15,162.0,7373.5,1.49,970.43,5.957000000000001,5.18
1998/2/15,162.0,7420.6,1.44,1001.27,5.881,5.33
1998/3/15,162.0,7467.5,1.39,1047.7,5.5889999999999995,5.16
1998/4/15,162.2,7505.6,1.32,1108.15,5.545,4.98
1998/5/15,162.6,7550.5,1.33,1121.0,5.566,5.02
1998/6/15,162.8,7588.1,1.37,1090.98,5.582999999999999,5.1
1998/7/15,163.2,7620.9,1.3,1148.56,5.544,5.08
1998/8/15,163.4,7661.0,1.35,1112.44,5.5520000000000005,4.89
1998/9/15,163.5,7684.2,1.52,994.26,5.388,4.36
1998/10/15,163.9,7717.1,1.54,986.39,5.098,4.33
1998/11/15,164.1,7754.7,1.38,1111.6,5.275,4.54
1998/12/15,164.4,7780.5,1.31,1175.28,4.716,4.47
1999/1/15,164.7,7813.3,1.26,1229.23,4.712,4.47
1999/2/15,164.7,7842.3,1.21,1273.0,4.749,4.7
1999/3/15,164.8,7858.8,1.25,1236.16,4.989,4.5
1999/4/15,165.9,7882.1,1.2,1293.72,4.946000000000001,4.55
1999/5/15,166.0,7906.0,1.16,1354.63,4.977,4.66
1999/6/15,166.0,7936.6,1.21,1294.26,5.612,4.78
1999/7/15,166.7,7972.2,1.13,1380.96,5.643,4.75
1999/8/15,167.1,8023.3,1.2,1328.05,5.672000000000001,4.93
1999/9/15,167.8,8051.0,1.19,1331.07,5.992999999999999,4.86
1999/10/15,168.1,8117.0,1.24,1282.81,5.996,5.13
1999/11/15,168.4,8184.1,1.18,1354.12,6.023,5.32
1999/12/15,168.8,8274.2,1.14,1397.72,6.091,5.22
2000/1/15,169.3,8385.0,1.1,1455.22,6.25,5.68
2000/2/15,170.0,8446.2,1.14,1409.28,6.272,5.8
2000/3/15,171.0,8504.6,1.15,1379.19,6.446000000000001,5.88
2000/4/15,170.9,8535.9,1.06,1505.97,6.263,5.81
2000/5/15,171.2,8570.4,1.09,1468.25,6.392,5.64
2000/6/15,172.2,8619.5,1.1,1448.81,6.3629999999999995,5.87
2000/7/15,172.7,8685.8,1.09,1469.54,6.267,6.2
2000/8/15,172.7,8725.9,1.12,1438.1,6.271,6.3
2000/9/15,173.6,8763.1,1.05,1520.77,5.721,6.21
2000/10/15,173.9,8788.2,1.12,1436.23,5.781000000000001,6.37
2000/11/15,174.2,8797.2,1.13,1421.22,5.745,6.21
2000/12/15,174.6,8822.8,1.22,1315.23,5.653,5.89
2001/1/15,175.6,8923.2,1.19,1320.28,5.484,4.99
2001/2/15,176.0,8963.2,1.14,1373.47,5.471,4.84
2001/3/15,176.1,8997.1,1.25,1241.23,4.948,4.29
2001/4/15,176.4,8995.9,1.36,1145.87,4.988,3.89
2001/5/15,177.3,8996.5,1.24,1266.44,5.114,3.55
2001/6/15,177.7,9001.3,1.24,1260.67,5.143,3.62
2001/7/15,177.4,8999.7,1.26,1236.71,5.129,3.54
2001/8/15,177.4,8993.5,1.29,1215.93,5.0280000000000005,3.37
2001/9/15,178.1,8978.9,1.38,1133.58,4.931,2.37
2001/10/15,177.6,9009.0,1.51,1038.55,4.827,2.05
2001/11/15,177.5,9015.8,1.44,1084.1,4.708,1.78
2001/12/15,177.4,9024.8,1.38,1129.9,4.893,1.73
2002/1/15,177.7,9047.8,1.37,1148.08,5.016,1.76
2002/2/15,178.0,9057.7,1.4,1122.2,4.995,1.77
2002/3/15,178.5,9067.7,1.39,1131.78,4.914,1.79
2002/4/15,179.3,9115.8,1.37,1146.54,5.088,1.75
2002/5/15,179.5,9136.3,1.45,1086.46,4.942,1.73
2002/6/15,179.6,9167.6,1.53,1040.68,4.937,1.67
2002/7/15,180.0,9159.7,1.64,968.65,4.854,1.68
2002/8/15,180.5,9171.9,1.79,884.66,4.703,1.64
2002/9/15,180.8,9190.3,1.74,916.07,4.293,1.6
2002/10/15,181.2,9219.0,1.87,847.91,4.146,1.47
2002/11/15,181.5,9242.7,1.76,900.96,4.24,1.23
2002/12/15,181.8,9270.0,1.7,934.53,4.073,1.19
2003/1/15,182.6,9276.3,1.83,879.82,3.945,1.15
2003/2/15,183.6,9290.4,1.89,860.32,3.997,1.18
2003/3/15,183.9,9337.4,1.94,834.81,3.813,1.09
2003/4/15,183.2,9367.8,1.89,858.48,3.861,1.12
2003/5/15,182.9,9429.7,1.8,916.3,3.87,1.08
2003/6/15,183.1,9478.4,1.71,967.0,3.5660000000000003,0.84
2003/7/15,183.7,9510.8,1.71,982.32,3.6039999999999996,0.95
2003/8/15,184.5,9551.5,1.8,980.15,3.866,0.96
2003/9/15,185.1,9591.3,1.75,1008.01,4.32,0.93
2003/10/15,184.9,9628.7,1.74,1018.22,4.143,0.93
2003/11/15,185.0,9704.9,1.69,1059.02,4.29,0.91
2003/12/15,185.5,9737.2,1.68,1070.12,4.3,0.91
2004/1/15,186.3,9766.9,1.64,1111.92,4.255,0.9
2004/2/15,186.7,9804.8,1.62,1135.26,4.218,0.93
2004/3/15,187.1,9853.4,1.61,1155.96,3.998,0.93
2004/4/15,187.4,9901.5,1.64,1132.17,3.968,0.96
2004/5/15,188.2,9989.2,1.7,1117.49,4.164,1.06
2004/6/15,188.9,10026.5,1.71,1121.2,4.7330000000000005,1.3
2004/7/15,189.1,10070.3,1.69,1128.94,4.6819999999999995,1.41
2004/8/15,189.2,10117.9,1.76,1106.62,4.6419999999999995,1.59
2004/9/15,189.8,10146.1,1.77,1105.91,4.208,1.68
2004/10/15,190.8,10196.6,1.74,1131.5,4.23,1.87
2004/11/15,191.7,10211.7,1.8,1130.51,4.197,2.19
2004/12/15,191.7,10561.3,1.74,1191.37,4.294,2.18
2005/1/15,191.6,10313.5,1.75,1202.08,4.239,2.48
2005/2/15,192.4,10352.4,1.78,1189.41,4.212,2.72
2005/3/15,193.1,10414.2,1.77,1210.41,4.123,2.73
2005/4/15,193.7,10469.3,1.83,1172.92,4.149,2.84
2005/5/15,193.6,10523.7,1.88,1162.16,4.063,2.93
2005/6/15,193.7,10565.7,1.83,1202.27,4.053,3.06
2005/7/15,194.9,10640.3,1.86,1194.44,4.0969999999999995,3.34
2005/8/15,196.1,10701.9,1.8,1235.35,4.19,3.44
2005/9/15,198.8,10754.9,1.83,1221.59,4.171,3.47
2005/10/15,199.1,10826.0,1.83,1226.7,4.296,3.89
2005/11/15,198.1,10878.1,1.87,1202.76,4.362,3.86
2005/12/15,198.1,10939.9,1.8,1264.67,4.508,3.99
2006/1/15,199.3,11154.6,1.84,1248.29,4.463,4.37
2006/2/15,199.4,11216.5,1.83,1282.46,4.523,4.51
2006/3/15,199.7,11263.0,1.84,1291.24,4.532,4.52
2006/4/15,200.7,11304.7,1.83,1297.81,4.635,4.65
2006/5/15,201.3,11319.0,1.85,1305.19,4.728,4.74
2006/6/15,201.8,11369.6,1.92,1285.71,5.119,4.87
2006/7/15,202.9,11402.6,1.93,1280.19,5.136,4.97
2006/8/15,203.8,11435.8,1.92,1270.92,5.07,4.92
2006/9/15,202.8,11484.4,1.88,1311.01,4.819,4.77
2006/10/15,201.9,11527.9,1.86,1331.32,4.779,4.95
2006/11/15,202.0,11584.0,1.82,1367.81,4.758,4.9
2006/12/15,203.1,11675.2,1.78,1396.71,4.553,4.89
2007/1/15,203.437,11741.4,1.79,1418.3,4.656000000000001,4.99
2007/2/15,204.226,11821.0,1.78,1445.94,4.702,5.01
2007/3/15,205.28799999999998,11902.1,1.87,1403.17,4.6,4.9
2007/4/15,205.90400000000002,11925.5,1.86,1424.55,4.632,4.79
2007/5/15,206.755,11953.9,1.81,1486.3,4.632,4.6
2007/6/15,207.234,11969.3,1.76,1536.34,4.665,4.68
2007/7/15,207.60299999999998,12011.5,1.78,1519.43,4.68,4.82
2007/8/15,207.667,12027.4,1.88,1465.81,4.593999999999999,3.91
2007/9/15,208.547,12105.6,1.88,1473.99,4.673,3.72
2007/10/15,209.19,12121.5,1.82,1547.03,4.678,3.84
2007/11/15,210.834,12175.1,1.86,1508.44,4.6080000000000005,3.08
2007/12/15,211.445,12258.4,1.91,1472.42,4.129,3.29
2008/1/15,212.174,12313.6,1.95,1468.35,4.177,1.92
2008/2/15,212.687,12362.4,2.01,1395.42,4.035,1.81
2008/3/15,213.44799999999998,12429.3,2.13,1331.34,3.51,1.36
2008/4/15,213.942,12417.1,2.05,1370.18,3.514,1.41
2008/5/15,215.208,12989.8,2.0,1409.34,3.572,1.85
2008/6/15,217.463,12756.7,2.04,1385.67,3.906,1.87
2008/7/15,219.016,12608.2,2.23,1284.91,3.9139999999999997,1.65
2008/8/15,218.69,12496.6,2.25,1260.31,3.8989999999999996,1.69
2008/9/15,218.877,12504.0,2.22,1282.83,3.94,0.9
2008/10/15,216.995,12482.9,2.45,1161.06,3.924,0.44
2008/11/15,213.153,12407.3,2.83,966.3,3.971,0.01
2008/12/15,211.398,12270.1,3.33,816.21,3.4419999999999997,0.11
2009/1/15,211.933,12146.5,3.0,903.25,3.313,0.24
2009/2/15,212.705,12040.4,3.1,825.44,3.447,0.26
2009/3/15,212.495,12000.5,3.47,700.82,2.7910000000000004,0.21
2009/4/15,212.709,12037.3,2.95,811.08,2.728,0.14
2009/5/15,213.02200000000002,12221.4,2.58,877.52,2.8510000000000004,0.14
2009/6/15,214.79,12096.6,2.39,942.87,3.285,0.19
2009/7/15,214.726,12054.2,2.32,923.33,3.238,0.18
2009/8/15,215.445,12057.9,2.14,1002.63,3.262,0.15
2009/9/15,215.861,12091.0,2.14,998.04,3.5469999999999997,0.14
2009/10/15,216.50900000000001,12081.1,2.07,1029.85,3.495,0.05
2009/11/15,217.234,12137.2,2.04,1042.88,3.5639999999999996,0.06
2009/12/15,217.347,12183.5,1.94,1108.86,3.3510000000000004,0.06
2010/1/15,217.488,12235.9,1.93,1115.1,3.5060000000000002,0.08
2010/2/15,217.28099999999998,12213.3,1.99,1089.19,3.4530000000000003,0.13
2010/3/15,217.35299999999998,12255.3,1.95,1115.71,3.62,0.16
2010/4/15,217.403,12344.8,1.86,1178.1,3.7,0.16
2010/5/15,217.29,12438.5,1.85,1202.26,3.6430000000000002,0.16
2010/6/15,217.199,12456.7,2.09,1070.71,3.4339999999999997,0.18
2010/7/15,217.605,12497.8,2.2,1027.37,3.343,0.15
2010/8/15,217.923,12563.2,2.02,1125.86,3.3489999999999998,0.14
2010/9/15,218.275,12570.6,2.11,1080.29,2.614,0.16
2010/10/15,219.035,12636.5,2.02,1146.24,2.6,0.12
2010/11/15,219.59,12696.3,1.95,1184.38,2.62,0.17
2010/12/15,220.472,12816.4,1.93,1206.07,2.7039999999999997,0.12
2011/1/15,221.187,13019.1,1.84,1271.87,2.792,0.15
2011/2/15,221.898,13090.6,1.81,1307.59,2.815,0.15
2011/3/15,223.046,13123.2,1.85,1306.33,3.562,0.09
2011/4/15,224.093,13147.9,1.87,1332.41,3.573,0.04
2011/5/15,224.80599999999998,13185.1,1.9,1361.22,3.525,0.06
2011/6/15,224.80599999999998,13251.4,1.99,1314.55,3.083,0.03
2011/7/15,225.395,13337.0,1.96,1339.67,3.145,0.1
2011/8/15,226.106,13358.9,2.06,1286.94,3.0260000000000002,0.02
2011/9/15,226.597,13345.9,2.21,1204.42,2.129,0.02
2011/10/15,226.75,13359.6,2.45,1099.23,2.062,0.01
2011/11/15,227.169,13363.2,2.23,1218.28,2.102,0.01
2011/12/15,227.22299999999998,13472.4,2.2,1244.58,2.021,0.02
2012/1/15,227.86,13567.1,2.21,1257.6,1.9780000000000002,0.06
2012/2/15,228.377,13675.2,2.12,1324.09,1.973,0.08
2012/3/15,228.894,13744.8,2.08,1374.09,2.0069999999999997,0.07
2012/4/15,229.28599999999997,13801.1,2.03,1419.04,2.035,0.1
2012/5/15,228.722,13805.1,2.1,1405.82,1.993,0.07
2012/6/15,228.50599999999997,13836.1,2.34,1278.04,1.705,0.09
2012/7/15,228.475,13808.8,2.19,1365.51,1.723,0.11
2012/8/15,229.84400000000002,13837.4,2.28,1375.14,1.7169999999999999,0.09
2012/9/15,230.987,13955.2,2.25,1406.58,1.614,0.1
2012/10/15,231.655,14076.0,2.22,1444.49,1.625,0.11
2012/11/15,231.278,14251.7,2.22,1427.59,1.639,0.08
2012/12/15,231.27200000000002,14622.9,2.29,1409.46,1.626,0.05
2013/1/15,231.641,13868.5,2.29,1426.19,1.645,0.07
2013/2/15,233.005,13918.4,2.19,1513.17,1.683,0.11
2013/3/15,232.313,13925.7,2.22,1518.2,1.974,0.07
2013/4/15,231.856,13937.6,2.17,1562.17,1.972,0.05
2013/5/15,231.895,14028.5,2.19,1582.7,1.936,0.04
2013/6/15,232.357,14085.4,2.13,1640.42,1.8119999999999998,0.04
2013/7/15,232.74900000000002,14079.7,2.19,1614.96,1.87,0.04
2013/8/15,233.24900000000002,14137.4,2.08,1706.87,1.909,0.03
2013/9/15,233.642,14188.9,2.19,1632.97,2.555,0.02
2013/10/15,233.799,14176.3,2.13,1695.0,2.532,0.04
2013/11/15,234.21,14243.8,2.06,1761.64,2.526,0.06
2013/12/15,234.847,14293.9,2.02,1800.9,2.762,0.07
2014/1/15,235.43599999999998,14390.7,1.98,1848.36,2.8110000000000004,0.02
2014/2/15,235.62099999999998,14482.9,2.13,1741.89,2.713,0.05
2014/3/15,235.89700000000002,14588.0,2.05,1845.73,2.716,0.05
2014/4/15,236.495,14642.5,2.01,1885.52,2.752,0.03
2014/5/15,236.803,14713.6,2.06,1883.68,2.716,0.04
2014/6/15,237.016,14798.1,2.04,1924.97,2.5069999999999997,0.04
2014/7/15,237.25900000000001,14859.0,2.0,1973.32,2.5140000000000002,0.03
2014/8/15,237.16299999999998,14937.8,2.06,1925.15,2.501,0.03
2014/9/15,237.51,14985.6,2.0,2003.37,2.369,0.02
2014/10/15,237.65099999999998,15061.9,2.07,1946.16,2.381,0.01
2014/11/15,237.261,15118.7,2.01,2017.81,2.369,0.02
2014/12/15,236.46400000000003,15138.0,1.98,2053.44,2.244,0.04
2015/1/15,234.954,15143.8,2.01,2058.9,2.234,0.02
2015/2/15,235.415,15193.5,2.05,2020.85,2.1390000000000002,0.02
2015/3/15,235.859,15220.5,1.98,2117.39,2.016,0.03
2015/4/15,236.197,15324.5,2.03,2059.69,1.975,0.01
2015/5/15,236.87599999999998,15411.8,2.04,2108.29,2.02,0.01
2015/6/15,237.423,15469.2,2.05,2111.73,2.136,0.01
2015/7/15,237.734,15517.4,2.09,2077.42,2.1830000000000003,0.08
2015/8/15,237.703,15563.6,2.08,2098.04,2.13,0.08
2015/9/15,237.489,15587.4,2.29,1913.85,2.029,-0.01
2015/10/15,237.949,15647.6,2.29,1923.82,2.008,0.08
2015/11/15,238.30200000000002,15685.3,2.11,2104.05,2.031,0.22
2015/12/15,238.041,15737.7,2.12,2102.63,2.229,0.16
2016/1/15,238.107,15741.0,2.2,2043.94,2.254,0.32
2016/2/15,237.707,15723.0,2.3,1939.38,2.195,0.33
2016/3/15,237.92,15765.1,2.26,1978.35,1.6569999999999998,0.21
2016/4/15,238.89,15826.7,2.16,2072.78,1.65,0.22
2016/5/15,239.41,15853.7,2.17,2081.43,1.661,0.34
2016/6/15,239.92700000000002,15883.0,2.16,2099.33,1.6580000000000001,0.26
